CUENTA;NOMBRE;NATURALEZA;ESTADO
23650501;RTE RENTA - ART 383 - SALARIOS;CR;ACTIVO
23650502;RTE RENTA - ART 383 - HONORARIOS;CR;ACTIVO
23650503;RTE RENTA - ART 383 - COMISIONES;CR;ACTIVO
23650504;RTE RENTA - ART 383 - SERVICIOS;CR;ACTIVO
23651001;RTE RENTA DIVIDENDOS Y/O PARTICIPACIONES;CR;ACTIVO
23651501;RTE RENTA HONORARIOS - 3,5%;CR;ACTIVO
23651502;RTE RENTA HONORARIOS - 10%;CR;ACTIVO
23651503;RTE RENTA HONORARIOS - 11%;CR;ACTIVO
23652001;RTE RENTA COMISIONES - 10%;CR;ACTIVO
23652002;RTE RENTA COMISIONES - 11%;CR;ACTIVO
23652501;RTE RENTA SERVICIOS - 1%;CR;ACTIVO
23652502;RTE RENTA SERVICIOS - 2%;CR;ACTIVO
23652503;RTE RENTA SERVICIOS - 3,5%;CR;ACTIVO
23652504;RTE RENTA SERVICIOS - 4%;CR;ACTIVO
23652505;RTE RENTA SERVICIOS - 6%;CR;ACTIVO
23653001;RTE RENTA ARRENDAMIENTOS B-INMUEBLES - 3,5%;CR;ACTIVO
23653002;RTE RENTA ARRENDAMIENTOS B MUEBLES - 4%;CR;ACTIVO
23653501;RTE RENTA RENDIMIENTOS FINANCIEROS - 1,5%;CR;ACTIVO
23653502;RTE RENTA RENDIMIENTOS FINANCIEROS - 7%;CR;ACTIVO
23654001;RTE RENTA COMPRAS - 0,1%;CR;ACTIVO
23654002;RTE RENTA COMPRAS -2,5%;CR;ACTIVO
23654003;RTE RENTA COMPRAS - 3,5%;CR;ACTIVO
23656501;RTE TIMBRE CONTRATOS;CR;ACTIVO
23656502;RTE TIMBRE INMUEBLES;CR;ACTIVO
23657001;RTE RENTA RESTAURANTES;CR;ACTIVO
23657002;RTE RENTA HOTELES;CR;ACTIVO
23660101;RTE RENTA CONSOLIDADA;CR;ACTIVO
23670201;RTE IVA TARIFA 15%;CR;ACTIVO
23670202;RTE IVA TARIFA 100%;CR;ACTIVO
23680101;RTE ICA BOGOTA - 4,14 X 1000;CR;ACTIVO
23680102;RTE ICA BOGOTA - 6,9 X 1000;CR;ACTIVO
23680103;RTE ICA BOGOTA - 7,66 X 1000;CR;ACTIVO
23680104;RTE ICA BOGOTA - 8,66 X 1000;CR;ACTIVO
23680105;RTE ICA BOGOTA - 9,66 X 1000;CR;ACTIVO
23680106;RTE ICA BOGOTA - 11,04 X 1000;CR;ACTIVO
23680107;RTE ICA BOGOTA - 13,8 X 1000;CR;ACTIVO
23680108;RTE ICA BOGOTA - 14 X 1000;CR;ACTIVO
23690101;RTE ICA MEDELLIN - 2 X 1000;CR;ACTIVO
23690102;RTE ICA MEDELLIN - 5 X 1000;CR;ACTIVO
23690198;RTE ICA MEDELLIN CONSOLIDADO ;CR;ACTIVO
23690201;RTE ICA CALI - 3,3 X 1000;CR;ACTIVO
23690202;RTE ICA CALI - 5 X 1000;CR;ACTIVO
23690203;RTE ICA CALI - 6,6 X 1000;CR;ACTIVO
23690204;RTE ICA CALI - 7,7 X 1000;CR;ACTIVO
23690205;RTE ICA CALI - 8,8 X 1000;CR;ACTIVO
23690205;RTE ICA CALI - 10 X 1000;CR;ACTIVO
23690298;RTE ICA CALI CONSOLIDADO ;CR;ACTIVO
24040501;DE RENTA Y COMPLEMENTARIOS VIGENCIA FISCAL CORRIENTE;CR;ACTIVO
24041001;DE RENTA Y COMPLEMENTARIOS VIGENCIAS FISCALES ANTERIORES;CR;ACTIVO
24049901;DE RENTA Y COMPLEMENTARIOS CUENTA AJUSTES NIIF;CR;ACTIVO
24080601;IVA GENERADO - TARIFA 19%;CR;ACTIVO
24080602;IVA GENERADO - TARIFA 5%;CR;ACTIVO
24080650;IVA GENERADO - DEVOLUCION COMPRAS;CR;ACTIVO
24080701;IVA DESC. IMPORTACIONES DEL 5%;CR;ACTIVO
24080702;IVA DESC. IMPORTACIONES TARIFA GENERAL;CR;ACTIVO
24080703;IVA DESC. BIENES Y SERVICIOS ZONA FRANCA;CR;ACTIVO
24080704;IVA DESC. BIENES GRAVADOS AL 5%;CR;ACTIVO
24080705;IVA DESC. BIENES GRAVADOS TARIFA GENERAL;CR;ACTIVO
24080706;IVA DESC. LICORES, APERITIVOS, VINOS Y SIMILARES;CR;ACTIVO
24080707;IVA DESC. SERVICIOS GRAVADOS AL 5%;CR;ACTIVO
24080708;IVA DESC. SERVICIOS GRAVADOS TARIFA GENERAL;CR;ACTIVO
24080709;IVA DESC. EXPLORACION HIDROCARBUROS;CR;ACTIVO
24080750;IVA DESC. DEVOLUCION EN VENTAS;CR;ACTIVO
24089801;IVA CONSOLIDADO;CR;ACTIVO
24120501;ICA BOGOTA - REGIMEN COMUN;CR;ACTIVO
24120502;ICA BOGOTA - REGIMEN PREFERENCIAL;CR;ACTIVO
24120601;ICA MEDELLIN - REGIMEN COMUN;CR;ACTIVO
24120602;ICA MEDELLIN - REGIMEN PREFERENCIAL;CR;ACTIVO
24120701;ICA CALI - REGIMEN COMUN;CR;ACTIVO
24120702;ICA CALI - REGIMEN PREFERENCIAL;CR;ACTIVO
41352601;SERVICIOS DE IMPRESIÓN ;CR;ACTIVO
41352602;SERVICIOS DE DISEÑO;CR;ACTIVO
41352620;SEVICIOS CONEXOS;CR;ACTIVO
41353501;VENTA MATERIAL PUBLICITARIO;CR;ACTIVO
41750501;DEVOLUCIONES EN VENTAS;DB;ACTIVO
51100501;HONORARIOS JUNTA DIRECTIVA;DB;ACTIVO
51101001;HONORARIOS REVISORÖA FISCAL;DB;ACTIVO
51101501;HONORARIOS AUDITORIA EXTERNA;DB;ACTIVO
51102001;HONORARIOS AVALUOS;DB;ACTIVO
51102501;HONORARIOS ASESORIA JURIDICA;DB;ACTIVO
51103001;HONORARIOS ASESORIA FINANCIERA;DB;ACTIVO
51103501;HONORARIOS ASESORIA TECNICA;DB;ACTIVO
51104001;HONORARIOS LICENCIAMIENTO;DB;ACTIVO
51109501;HONORARIOS OTROS;DB;ACTIVO
51200501;ARRENDAMIENTOS TERRENOS;DB;ACTIVO
51201001;ARRENDAMIENTOS CONSTRUCCIONES Y EDIFICACIONES;DB;ACTIVO
51201501;ARRENDAMIENTOS MAQUINARIA Y EQUIPO;DB;ACTIVO
51202001;ARRENDAMIENTOS EQUIPO DE OFICINA;DB;ACTIVO
51202501;ARRENDAMIENTOS EQUIPO DE COMPUTACION Y COMUNICACION;DB;ACTIVO
51203001;ARRENDAMIENTOS EQUIPO MEDICO - CIENTIFICO;DB;ACTIVO
51203501;ARRENDAMIENTOS EQUIPO DE HOTELES Y RESTAURANTES;DB;ACTIVO
51204001;ARRENDAMIENTOS FLOTA Y EQUIPO DE TRANSPORTE;DB;ACTIVO
51204501;ARRENDAMIENTOS FLOTA Y EQUIPO FLUVIAL Y/O MARITIMO;DB;ACTIVO
51205001;ARRENDAMIENTOS FLOTA Y EQUIPO AEREO;DB;ACTIVO
51205501;ARRENDAMIENTOS FLOTA Y EQUIPO FERREO;DB;ACTIVO
51206001;ARRENDAMIENTOS ACUEDUCTOS PLANTAS Y REDES;DB;ACTIVO
51206501;ARRENDAMIENTOS AERODROMOS;DB;ACTIVO
51207001;ARRENDAMIENTOS SEMOVIENTES;DB;ACTIVO
51209501;ARRENDAMIENTOS OTROS;DB;ACTIVO
51300501;SEGUROS MANEJO;DB;ACTIVO
51301001;SEGUROS CUMPLIMIENTO;DB;ACTIVO
51301501;SEGUROS CORRIENTE DEBIL;DB;ACTIVO
51302001;SEGUROS VIDA COLECTIVA;DB;ACTIVO
51302501;SEGUROS INCENDIO;DB;ACTIVO
51303001;SEGUROS TERREMOTO;DB;ACTIVO
51303501;SEGUROS SUSTRACCION Y HURTO;DB;ACTIVO
51304001;SEGUROS FLOTA Y EQUIPO DE TRANSPORTE;DB;ACTIVO
51304501;SEGUROS FLOTA Y EQUIPO FLUVIAL Y/O MARITIMO;DB;ACTIVO
51305001;SEGUROS FLOTA Y EQUIPO AEREO;DB;ACTIVO
51305501;SEGUROS FLOTA Y EQUIPO FERREO;DB;ACTIVO
51306001;SEGUROS RESPONSABILIDAD CIVIL Y EXTRACONTRACTUAL;DB;ACTIVO
51306501;SEGUROS VUELO;DB;ACTIVO
51307001;SEGUROS ROTURA DE MAQUINARIA;DB;ACTIVO
51307501;SEGUROS OBLIGATORIO ACCIDENTE DE TRANSITO;DB;ACTIVO
51308001;SEGUROS LUCRO CESANTE;DB;ACTIVO
51309501;SEGUROS OTROS;DB;ACTIVO
51350501;SERVICIOS ASEO Y VIGILANCIA;DB;ACTIVO
51351001;SERVICIOS TEMPORALES;DB;ACTIVO
51351501;SERVICIOS ASISTENCIA TECNICA;DB;ACTIVO
51352001;SERVICIOS PROCESAMIENTO ELECTRONICO DE DATOS;DB;ACTIVO
51352501;SERVICIOS ACUEDUCTO Y ALCANTARILLADO;DB;ACTIVO
51353001;SERVICIOS ENERGIA ELECTRICA;DB;ACTIVO
51353501;SERVICIOS TELEFONO;DB;ACTIVO
51354001;SERVICIOS CORREO, PORTES Y TELEGRAMAS;DB;ACTIVO
51354501;SERVICIOS FAX Y TELEX;DB;ACTIVO
51355001;SERVICIOS TRANSPORTE, FLETES Y ACARREOS;DB;ACTIVO
51355501;SERVICIOS GAS;DB;ACTIVO
51356001;SERVICIOS PUBLICIDAD Y PROPAGANDA;DB;ACTIVO
51359501;SERVICIOS OTROS;DB;ACTIVO
51400501;GASTOS LEGALES NOTARIALES;DB;ACTIVO
51401001;GASTOS LEGALES REGISTRO MERCANTIL;DB;ACTIVO
51401501;GASTOS LEGALES TRAMITES Y LICENCIAS;DB;ACTIVO
51402001;GASTOS LEGALES ADUANEROS;DB;ACTIVO
51402501;GASTOS LEGALES CONSULARES;DB;ACTIVO
51409501;GASTOS LEGALES OTROS;DB;ACTIVO
51450501;MANT  Y REPARA  TERRENOS;DB;ACTIVO
51451001;MANT  Y REPARA  CONSTRUCCIONES Y EDIFICACIONES;DB;ACTIVO
51451501;MANT  Y REPARA  MAQUINARIA Y EQUIPO;DB;ACTIVO
51452001;MANT  Y REPARA  EQUIPO DE OFICINA;DB;ACTIVO
51452501;MANT  Y REPARA  EQUIPO DE COMPUTACION Y COMUNICACION;DB;ACTIVO
51453001;MANT  Y REPARA  EQUIPO MEDICO-CIENTIFICO;DB;ACTIVO
51453501;MANT  Y REPARA  EQUIPO DE HOTELES Y RESTAURANTES;DB;ACTIVO
51454001;MANT  Y REPARA  FLOTA Y EQUIPO DE TRANSPORTE;DB;ACTIVO
51454501;MANT  Y REPARA  FLOTA Y EQUIPO FLUVIAL Y/O MARITIMO;DB;ACTIVO
51455001;MANT  Y REPARA  FLOTA Y EQUIPO AEREO;DB;ACTIVO
51455501;MANT  Y REPARA  FLOTA Y EQUIPO FERREO;DB;ACTIVO
51456001;MANT  Y REPARA  ACUEDUCTOS PLANTAS Y REDES;DB;ACTIVO
51456501;MANT  Y REPARA  ARMAMENTO DE VIGILANCIA;DB;ACTIVO
51457001;MANT  Y REPARA  VIAS DE COMUNICACION;DB;ACTIVO
51500501;ADECUACION E INSTALACION INSTALACIONES ELECTRICAS;DB;ACTIVO
51501001;ADECUACION E INSTALACION ARREGLOS ORNAMENTALES;DB;ACTIVO
51501501;ADECUACION E INSTALACION REPARACIONES LOCATIVAS;DB;ACTIVO
51509501;ADECUACION E INSTALACION OTROS;DB;ACTIVO
51550501;GASTOS DE VIAJE ALOJAMIENTO Y MANUTENCION;DB;ACTIVO
51551001;GASTOS DE VIAJE PASAJES FLUVIALES Y/O MARITIMOS;DB;ACTIVO
51551501;GASTOS DE VIAJE PASAJES AEREOS;DB;ACTIVO
51552001;GASTOS DE VIAJE PASAJES TERRESTRES;DB;ACTIVO
51552501;GASTOS DE VIAJE PASAJES FERREOS;DB;ACTIVO
51559501;GASTOS DE VIAJE OTROS;DB;ACTIVO
51951001;DIVERSOS LIBROS, SUSCRIPCIONES, PERIODICOS Y REVISTAS;DB;ACTIVO
51951501;DIVERSOS MUSICA AMBIENTAL;DB;ACTIVO
51952001;DIVERSOS GASTOS DE REPRESENTACION Y RELACIONES PUBLICAS;DB;ACTIVO
51952501;DIVERSOS ELEMENTOS DE ASEO Y CAFETERIA;DB;ACTIVO
51953001;DIVERSOS UTILES, PAPELERIA Y FOTOCOPIAS;DB;ACTIVO
51953501;DIVERSOS COMBUSTIBLES Y LUBRICANTES;DB;ACTIVO
51954001;DIVERSOS ENVASES Y EMPAQUES;DB;ACTIVO
51954501;DIVERSOS TAXIS Y BUSES;DB;ACTIVO
51955001;DIVERSOS ESTAMPILLAS;DB;ACTIVO
51955501;DIVERSOS MICROFILMACION;DB;ACTIVO
51956001;DIVERSOS CASINO Y RESTAURANTE;DB;ACTIVO
51956501;DIVERSOS PARQUEADEROS;DB;ACTIVO
51957001;DIVERSOS INDEMNIZACION POR DA¥OS A TERCEROS;DB;ACTIVO
51957501;DIVERSOS POLVORA Y SIMILARES;DB;ACTIVO
51959501;DIVERSOS OTROS;DB;ACTIVO
53050501;FINANCIEROS GASTOS BANCARIOS;DB;ACTIVO
53051001;FINANCIEROS REAJUSTE MONETARIO - UPAC;DB;ACTIVO
53051501;FINANCIEROS COMISIONES;DB;ACTIVO
53052001;FINANCIEROS INTERESES;DB;ACTIVO
53052501;FINANCIEROS DIFERENCIA EN CAMBIO;DB;ACTIVO
53053001;FINANCIEROS GASTOS EN NEGOCIACION CERTIFICADOS DE CAMBIO;DB;ACTIVO
53053501;FINANCIEROS DESCUENTOS COMERCIALES CONDICIONADOS;DB;ACTIVO
53054001;FINANCIEROS GASTOS MANEJO Y EMISION DE BONOS;DB;ACTIVO
53054501;FINANCIEROS PRIMA AMORTIZADA;DB;ACTIVO
53059501;FINANCIEROS OTROS;DB;ACTIVO
