thirdParty_id,company_id,regime,IVA_responsability,retention_type,economic_activity,attachedRut,municipality_id,nature,identidicationType_id,dv
165,1,-,18,-,-,"","",1,6,1
168,1,-,18,-,-,"","",1,6,5
146,2,-,21,-,-,"",169,2,3,
143,2,-,"",-,-,-,169,2,3,
136,2,-,-,-,-,"",169,1,6,1
159,2,-,18,-,-,"",169,1,6,4
47,1,2,21,,,,164,2,3,
72,1,-,18,-,-,"",164,1,6,5
166,1,-,18,-,-,"","",2,6,7
132,1,-,18,-,-,"",164,1,6,1
169,1,-,18,-,-,"","",1,6,5
156,1,-,18,-,7310,"",164,1,6,1
5,1,01,18,03,04,"",164,1,6,3
6,1,2,21,,,,164,1,6,1
153,1,-,18,-,-,"",164,1,6,9
150,1,-,18,-,-,"",164,1,6,5
64,1,-,18,-,-,"",164,2,3,3
7,1,2,21,,,,164,1,6,5
8,1,2,21,,,,164,1,6,7
9,1,2,21,,,,164,1,6,3
10,1,2,21,,,,164,1,6,2
11,1,2,21,,,,164,1,6,9
12,1,2,21,,,,164,1,6,9
13,1,2,21,,,,164,1,6,1
14,1,2,21,,,,164,1,6,1
15,1,2,21,,,,164,1,6,0
16,1,2,21,,,,164,1,6,5
18,1,2,21,,,,164,1,6,1
19,1,2,21,,,,164,1,6,7
69,1,-,18,-,-,"",164,2,3,
70,1,-,18,-,-,"",164,2,3,
71,1,-,18,-,-,"",164,1,6,8
73,1,-,18,-,-,"",164,1,6,1
74,1,-,18,-,-,"",164,1,6,4
75,1,-,18,-,-,"",164,2,3,
76,1,-,18,-,-,"",164,1,6,8
77,1,-,18,-,-,"",164,1,6,1
53,1,-,18,-,-,"",164,2,3,
147,1,-,18,-,1410,"",164,2,3,
131,1,-,18,-,5811,"",164,1,6,8
155,1,-,18,-,1410,"",164,1,6,1
103,1,-,18,-,-,"",164,1,6,0
107,1,-,18,-,-,"",164,1,6,9
111,1,-,18,-,-,"",164,1,6,6
116,1,-,18,-,-,"",164,1,6,1
120,1,-,18,-,-,"",164,1,6,3
124,1,-,18,-,-,"",164,1,6,8
148,1,-,18,-,7370,"",164,1,6,2
137,1,-,18,-,-,"",164,2,3,8
101,1,-,18,-,-,"",164,1,6,7
108,1,-,18,-,-,"",164,1,6,1
157,1,-,18,-,4761,"",164,1,6,4
22,1,2,21,,,,164,2,3,
20,1,2,21,,,,164,1,6,3
21,1,2,21,,,,164,1,6,7
23,1,2,21,,,,164,1,6,4
24,1,2,21,,,,164,1,6,1
25,1,2,21,,,,164,1,6,5
26,1,2,21,,,,164,1,6,5
27,1,2,21,,,,164,1,6,1
28,1,2,21,,,,164,1,6,9
29,1,2,21,,,,164,1,6,4
30,1,2,21,,,,164,1,6,1
31,1,2,21,,,,164,1,6,1
32,1,2,21,,,,164,1,6,2
33,1,2,21,,,,164,1,6,1
34,1,2,21,,,,164,1,6,1
35,1,2,21,,,,164,1,6,7
36,1,2,21,,,,164,1,6,2
37,1,2,21,,,,164,1,6,0
38,1,2,21,,,,164,1,6,5
44,1,2,21,,,,164,1,6,1
45,1,2,21,,,,164,1,6,0
46,1,2,21,,,,164,1,6,1
50,1,-,18,-,-,"",164,1,6,1
51,1,-,18,-,-,"",164,1,6,7
52,1,-,18,-,-,"",164,1,6,4
54,1,-,18,-,-,"",164,2,3,
55,1,-,18,-,1811,"",164,1,6,3
56,1,-,18,-,-,"",164,1,6,1
57,1,-,18,-,-,"",164,1,6,3
58,1,-,18,-,-,"",164,1,6,2
59,1,-,18,-,-,"",164,2,3,
60,1,-,18,-,-,"",164,1,6,1
61,1,-,18,-,-,"",164,1,6,3
62,1,-,18,-,1709,"",164,1,6,6
63,1,-,18,-,-,"",164,1,6,8
65,1,-,18,-,-,"",164,1,6,7
66,1,-,18,-,-,"",164,1,6,7
49,1,-,18,-,-,-,164,2,3,
119,1,-,18,-,-,"",164,1,6,6
114,1,-,18,-,-,"",164,2,3,
68,1,-,18,-,-,"",164,1,6,4
67,1,-,18,-,-,"",164,2,3,1
152,1,-,18,-,-,"",164,1,6,0
112,1,-,18,-,-,"",164,1,6,0
117,1,-,18,-,-,"",164,1,6,1
121,1,-,18,-,-,"",164,1,6,9
133,1,-,18,-,-,"",164,1,6,6
138,1,-,18,-,6201,"",164,1,6,2
149,1,-,18,-,-,"",164,1,6,7
129,1,-,18,-,-,"",164,1,6,1
118,1,-,18,-,-,"",164,2,3,
109,1,-,18,-,-,"",164,1,6,4
113,1,-,18,-,-,"",164,1,6,2
105,1,-,18,-,-,"",164,2,3,
122,1,-,18,-,-,"",164,1,6,3
126,1,-,18,-,-,"",164,1,6,9
134,1,-,18,-,-,"",164,1,6,3
139,1,-,18,-,-,"",164,1,6,1
130,1,-,18,-,-,"",164,2,3,
79,1,-,18,-,-,"",164,1,6,7
80,1,-,18,-,-,"",164,1,6,7
81,1,-,18,-,-,"",164,1,6,0
93,1,-,18,-,-,"",164,1,6,
158,1,-,18,-,-,"",164,1,6,5
151,1,-,18,-,-,"",164,1,6,9
154,1,-,18,-,7410,"",164,1,6,4
144,1,-,18,-,8299,"",164,1,6,6
78,1,-,18,-,-,"",164,1,6,1
83,1,-,18,-,-,"",164,1,6,6
84,1,-,18,-,-,"",164,1,6,3
82,1,-,18,-,-,"",164,2,3,
85,1,-,18,-,-,"",164,1,6,5
86,1,-,18,-,-,"",164,1,6,8
87,1,-,18,-,-,"",164,2,3,
88,1,-,18,-,-,"",164,1,6,1
89,1,-,18,-,-,"",164,1,6,4
90,1,-,18,-,-,"",164,1,6,1
91,1,-,18,-,-,"",164,1,6,9
95,1,-,18,-,-,"",164,1,6,8
97,1,-,18,-,-,"",164,1,6,4
98,1,-,18,-,-,"",164,1,6,4
99,1,-,18,-,-,"",164,1,6,5
100,1,-,18,-,-,"",164,2,7,
96,1,-,18,-,-,"",164,2,3,
110,1,-,18,-,-,"",164,1,6,1
115,1,-,18,-,-,"",164,1,6,6
123,1,-,18,-,-,"",164,1,6,4
127,1,-,18,-,-,"",164,1,6,4
160,1,-,18,-,-,"",164,1,6,6
161,1,-,18,-,-,"",164,1,6,3
162,1,-,18,-,-,"",164,1,6,3
164,1,-,18,-,-,"",164,1,6,0
163,1,-,18,-,-,"",164,1,6,8
94,1,-,18,-,-,"",164,1,6,1
167,5,-,21,-,-,"",169,2,3,
